,score,explanation
Opening,5,"The physician's opening in the conversation meets all the criteria for a score of 5. The physician starts by greeting the patient using her name, 'Hi Mrs. Paulton.' This demonstrates the use of the patient's name. Then the physician introduces herself, 'My name is Amy. I'm a medical student working with the doctors here today.' This part clearly covers the physician introducing herself and clarifying her role. Finally, the physician confirms how the patient prefers to be addressed, 'Is Mrs. Paulton how you'd like to be addressed?' This shows respect for the patient's preferences and actively involves the patient in the interaction. All elements for a comprehensive introduction are present, meeting the full introduction criteria."
ELICITS SPECTRUM OF CONCERNS,5,"The interviewer effectively elicited the patient's full spectrum of concerns within the first 3-5 minutes of the interview, inquiring about the primary issue and probing for other health concerns the patient wanted to discuss. Early in the conversation, the physician inquired, 'Okay. Is there anything else that you want to make sure we address today before we talk more about that pain?' and followed up with, 'Is there anything else you can think of that you want to make sure we don't miss today?' before moving on to address the concerns identified. This approach resulted in the patient sharing a secondary concern regarding occasional urine leakage, which the interviewer acknowledged and incorporated into the discussion plan. Thus, by actively seeking and confirming the comprehensiveness of the patient's concerns and ensuring no further issues were overlooked, the interviewer displayed a thorough and attentive method to patient care. The patient affirmed that there were no other concerns after being prompted, indicating a comprehensive understanding of the patient's current health concerns was achieved."
NEGOTIATES PRIORITIES & SETS AGENDA,3,"The interviewer, in this case, starts by attempting to gather all the concerns of the patient by asking, 'Is there anything else that you want to make sure we address today before we talk more about that pain?' and 'Is there anything else you can think of that you want to make sure we don't miss today?' This approach indicates an attempt to list all of the concerns at the beginning of the interview. However, the negotiation of priorities somewhat falls short, as the interviewer quickly moves to assume that the pain is more urgent without thoroughly discussing or confirming this prioritization with the patient, evident in 'Well, it sounds like the pain is a little bit more urgent right now.' The interviewer does revisit the incontinence issue, saying, 'We may get a little bit of a chance to talk about the incontinence as well,' and acknowledges its commonality and the possibility of scheduling another appointment. Despite the attempt to cover both issues and the slight negotiation to address the patient's primary concern first, the process lacks a clear, mutual agreement on the agenda or an explicit discussion around prioritizing concerns collaboratively. Therefore, based on the criteria, this case warrants a score of 3, as the interviewer sets an agenda and somewhat identifies patient concerns but does not engage in a meaningful negotiation of priorities with the patient."
ELICITING THE NARRATIVE THREAD or the ‘PATIENT’S STORY’,5,"The interviewer (physician) skillfully balances guiding the conversation with allowing the patient, Mrs. Paulton, to share her concerns and narrative without unnecessary interruption. Initially, the physician respectfully asks how the patient prefers to be addressed, setting a tone of respect and attention. The physician then directly asks why the patient is present, which lets the patient bring up her primary concern of severe pain and secondary concern of occasional urine leakage. Throughout the conversation, the physician asks open-ended questions like 'Can you tell me a little bit more about the pain? Where it's located?' and 'Does that sound like a reasonable summary? Anything I missed?', which encourages the patient to provide detailed responses. There are focused follow-up questions based on the patient's answers, ensuring clarity and depth of understanding without derailing the patient’s narrative or introducing unrelated topics. The physician also empathetically acknowledges the patient's pain and worry, saying things like 'That must have been scary' and confirming understanding by summarizing the information shared by the patient. This approach ensures a comprehensive understanding of the patient's condition while maintaining a patient-centered dialogue. Despite the structured nature of a medical interview, the conversation flows naturally, resembling more of a guided narrative than a simple Q&A session. The physician also reiterates the patient’s main concerns, ensuring nothing was missed, demonstrating effective listening and validation of the patient's experiences."
TIMELINE,5,"The interviewer effectively obtains a thorough history of the patient's present illness, including a timeline of the pain episode, details about the pain's characteristics (location, severity, duration), and associated symptoms such as urinary changes, nausea, and excessive sweating. The interviewer asks specific questions that allow the patient to detail when the pain started, its progression, attempts at self-management, ancillary symptoms, and how these symptoms have affected her overall. Additionally, the interviewer inquires about any factors that may exacerbate or alleviate the pain, and other relevant medical history that could impact the chief concern. The summary provided by the interviewer towards the end, followed by a check for accuracy and completeness ('Does that sound like a reasonable summary? Anything I missed?'), further supports a thorough chronological understanding of the patient's condition. Thus, the interviewer establishes a clear chronology of the chief concern and history of the present illness, including the sequence of associated symptoms and/or events."
ORGANIZATION,5,"The interview demonstrates a well-organized approach by the physician, starting with establishing the patient's preferred form of address, directly asking about the patient's reasons for visiting, and then systematically exploring the history of the patient's current complaint. Each question builds upon the patient's responses, moving logically from the presentation of symptoms ('I had really bad pain low in my belly') to exploring in detail the nature of the pain, any accompanying symptoms, and then broader health and lifestyle questions to form a comprehensive picture. The physician skillfully navigates the interview back to the primary reason for the visit after briefly discussing an unrelated concern (incontinence), showing an effective use of time and ensuring all tasks are completed within the allotted time frame. Patient responses are directly followed up with relevant questions, such as the detail of how Tylenol was administered ('How much Tylenol did you take?'), showing a thorough and logical progression of the interview. The interviewer confirms the summary of information gathered towards the end, which helps in ensuring nothing is missed. This organized flow from understanding the primary complaint, delving into symptom details, covering medical and family history, and concluding with lifestyle factors, followed by a summary, reflects a coherent structure and effective time management, deserving the highest score."
TRANSITIONAL STATEMENTS (only for complete histories),5,"The interviewer, in this case, demonstrates an effective use of transitional statements throughout the interview, which provide a clear structure and rationale for moving from one section to the next. Examples include when the interviewer transitions from discussing the patient's primary concern to exploring other symptoms, ""Okay. All right. Well, it sounds like the pain is a little bit more urgent right now. So, we'll start with the pain."" This statement effectively prioritizes the patient's issues while also acknowledging other concerns for future discussion. Another example is when the interviewer moves from the history of the present illness to the medical history, ""I just want to ask you some other questions about your medical history."" Additionally, the transition to the physical exam is smoothly handled with a clear explanation, ""...I think at this point it would be good for us to do physical exam, get some more information, and then after that we can talk and I'll tell you what I'm thinking about what it might be and we can talk together about what our plan will be to go from here."" These transitions not only prepare the patient for the next set of questions but also provide a logical flow to the conversation, effectively guiding the patient through the various components of the medical interview without causing confusion or uncertainty."
PACING OF INTERVIEW (not based on finishing on time),5,"The physician demonstrated a high level of attentiveness and ensured the progression of the interview was smooth and patient-centered, without interrupting the patient unnecessarily. For example, the physician carefully opened the discussion by asking, 'Is Mrs. Paulton how you'd like to be addressed?', establishing a respectful and comfortable communication tone. Throughout the interview, the physician attentively listened to the patient's concerns about her abdominal pain and urinary symptoms, interjecting with questions like 'Can you tell me a little bit more about the pain? Where it's located?' and 'Okay. Anything make the pain better?' to garner specific details without cutting off the patient mid-response. The physician also effectively summarized the patient’s symptoms and concerns, ensuring accuracy in understanding the patient’s condition and validating the information with the patient ('Okay. So you've had this pain that woke you up... Does that sound like a reasonable summary?'). This summary provided a chance for the patient to correct or add any missed information, illustrating an attentive and comprehensive approach. Furthermore, the use of silence was appropriate, allowing the patient moments to think and respond without feeling rushed, evidenced by the patient’s contributions providing detailed descriptions of symptoms without being interrupted. There were no awkward pauses; instead, the physician efficiently transitioned between topics, maintaining a smooth flow of conversation."
QUESTIONING SKILLS – TYPES OF QUESTIONS,5,"The interviewer, in this case, a medical student named Amy, begins the conversation with a polite and appropriate open-ended question by asking, 'I just wanted to start by figuring out why you're here today.' This initial approach encourages the patient to describe her concerns in her own words, setting a solid foundation for a patient-centered dialogue. Furthermore, throughout the conversation, Amy employs a mix of open-ended questions such as 'Can you tell me a little bit more about the pain? Where it's located?' and more specific questions aimed at understanding the symptom's nature and severity, like 'What kind of pain was it?' and 'If you had to qualify it or quantify it on a scale where zero is no pain and ten is the worst thing ever, where would you put it?' Amy adeptly uses open-ended questions at the start of each new line of inquiry, such as exploring the pain, the patient's medical history, and lifestyle factors, seamlessly shifting to more specific questions to delve deeper into the issues raised. There is no evidence of Amy relying improperly on 'why' questions, leading questions, or asking multiple questions at once that could confuse or lead the patient. Instead, her questioning technique facilitates a thorough exploration of the patient's symptoms, history, and health behaviors in a structured yet patient-centered manner. Therefore, based on the demonstration of starting each major line of inquiry with an open-ended question followed by more targeted questions and the absence of poor questioning types, this interview warrants a score of 5."
QUESTIONING SKILLS - SUMMARIZING,5,"The interviewer (Physician) effectively summarizes the data obtained during the interview at multiple points, ensuring accuracy and completeness of the information collected. Notably, the Physician says, 'So I just want to kind of summarize what you've told me so far since I jumped around a little bit and make sure that I got everything right.' The Physician then accurately recounts the patient's experiences, symptoms, and concerns, incorporating details about the pain's onset, severity, location, concomitant symptoms (urinary issues, sweating, nausea), and ineffective remedies. The interviewer checks for accuracy and completeness ('Does that sound like a reasonable summary? Anything I missed?'), illustrating an ongoing effort to verify and clarify the information gathered. This approach demonstrates the interviewer's intention to ensure that the patient's narrative is thoroughly understood before proceeding. Given this evidence, the interviewer fulfills the criteria for a score of 5, by summarizing the data obtained at the end of each major line of inquiry to verify and/or clarify the information."
QUESTIONING SKILLS - DUPLICATION,5,"Throughout the conversation, the physician did not unnecessarily repeat questions. Instead, all repetitions served the purpose of clarification, summarization, or further investigation based on the patient's responses. For instance, the physician revisited the topic of the pain to probe into its nature ('What kind of pain was it?'), its intensity ('If you had to qualify it or quantify it on a scale where zero is no pain and ten is the worst thing ever, where would you put it?'), and any attempts to alleviate it ('Anything make the pain better?'). Additionally, question repetitions like concerning the patient's urination challenges and medication intake aimed to build a comprehensive picture of the patient's health for diagnostic purposes. Specific follow-ups, such as asking about the Tylenol's strength ('Extra strength or regular?') and the patient's fluid intake to understand changes ('So maybe you've been drinking a little less than normal?'), were precisely aimed at details crucial for diagnosis and understanding the patient's overall health. No instance demonstrated a lapse in memory or failure to track patient information, thereby adhering to the efficiency and relevance necessary for medical assessment."
QUESTIONING SKILLS - LACK OF JARGON,5,"The interviewer (Physician) uses language that is easily understood by the patient throughout the conversation, effectively avoiding the use of medical jargon without immediate explanation. There are clear questions and explanations given in a layperson's terms. For instance, the physician uses phrases like 'this pain that woke you up out of sleep', 'feeling like I had to pee', and 'funny reddish color' to describe symptoms in a way that is relatable and understandable to the patient. Additionally, medical terms that are used are either widely understood (such as 'nauseous', 'vomiting', and 'menstrual history') or are explained in context (like when discussing the 'incontinence'). This approach ensures that the conversation remains accessible to the patient. Therefore, the interviewer's use of language deserves a score of 5."
QUESTIONING SKILLS - VERIFICATION OF PATIENT INFORMATION (in vignette),5,"The interviewer, in this case, a medical student named Amy, demonstrates a consistent effort to clarify, verify, and specify patient responses to ensure a comprehensive understanding of the patient’s symptoms and concerns. Throughout the discussion, Amy frequently follows up on the patient's statements with specific questions aimed at gaining a deeper understanding of the symptoms, their severity, and their impact. Examples include verifying the nature of the pain ('What kind of pain was it?'), its exact location and movement ('Can you tell me a little bit more about the pain? Where it's located? Did it move anywhere?'), as well as the patient's attempts at alleviating the pain ('Anything make the pain better? What did you try?'). Amy also checks on other related symptoms ('Did you ever feel any nausea?'), the patient's medical and family history, and lifestyle factors that could influence the patient's health. Further, she summarizes the patient’s situation to ensure accuracy in understanding ('So I just want to kind of summarize what you've told me so far...'). There's a systematic approach to exploring the patient's condition without overlooking the patient’s initial reason for visit and expressing intention to address all concerns ('And we can also set up an appointment in the future to talk more about that. Does that sound okay?'). This thorough questioning and validation of information highlight a strong commitment to patient care and accuracy in diagnosis. Therefore, a score of 5 is appropriate as Amy consistently seeks to clarify, verify, and specify patient responses, ensuring an accurate understanding."
INTERACTIVE TECHNIQUES,5,"Throughout the conversation, the interviewer, who is a medical student in this scenario, consistently uses a patient-centered approach, frequently inviting the patient to provide more details about her symptoms and concerns. The interviewer starts by confirming the preferred form of address with the patient ('Is Mrs. Paulton how you'd like to be addressed?'), which is a good example of showing respect and addressing the patient's preferences, indicative of a patient-centered approach. Moreover, the interviewer actively encourages the patient to articulate all her concerns ('Is there anything else that you want to make sure we address today before we talk more about that pain?') and thoroughly investigates the patient’s symptoms with open-ended questions ('Can you tell me a little bit more about the pain? Where it's located?'). The interviewer also empathizes with the patient's experience ('That must have been scary'), reflecting an understanding and compassionate approach. Additionally, the interviewer ensures that the patient's agenda is addressed by asking for confirmation about the symptoms discussed, verifying understanding ('Does that sound like a reasonable summary? Anything I missed?'), and expressing readiness to address other concerns ('Is there anything that you wanted to ask me? Any questions that you have?'). Finally, the interviewer sets expectations for the next steps in a collaborative manner ('we can talk together about what our plan will be to go from here. Does that sound okay?'), which maintains partnership and shared decision-making with the patient. There is a consistent effort to maintain a patient-centered approach while also using physician-directed questions when necessary to gather specific clinical information. This balance promotes a collaborative partnership between patient and doctor."
VERBAL FACILITATION SKILLS,5,"The interviewer, in this case, demonstrates consistent use of verbal encouragement and facilitation skills throughout the interaction with the patient. From the beginning, the interviewer made the patient feel comfortable by ensuring she was addressed in her preferred manner. This establishes a tone of respect and consideration, which is vital for patient engagement. Throughout the interview, the physician effectively draws out information from the patient by asking open-ended questions, such as 'Can you tell me a little bit more about the pain? Where it's located?' and follows up for details, 'Did it move anywhere?' This approach encourages the patient to provide a detailed account of her symptoms. Moreover, the interviewer uses echoing and verbal encouragement. For instance, after the patient describes the pain as 'really bad,' the physician empathetically responds with 'Okay. That must have been scary,' acknowledging the patient's experience and encouraging further sharing. Encouraging statements are interspersed throughout, like 'Okay, good. Well, I think I have a pretty good picture of what happened. I just want to ask you some other questions about your medical history.' This not only validates the patient's input but also signals a transition to cover all necessary bases of the patient's medical history and current situation. Lastly, towards the end of the interview, the physician reassures the patient by summarizing the information gathered to check for accuracy and completeness and then clearly explains the next steps. This not only demonstrates an understanding of the patient's concerns but also reassures the patient that her issues are being taken seriously. Given the consistent and appropriate use of facilitative skills including verbal encouragement and clarifying questions, a score of 5 is appropriate."
NON-VERBAL FACILITATION SKILLS,N/A,"The provided text transcript doesn't include direct information on the physician's use of non-verbal communication skills, such as good eye contact, relaxed and open body language, appropriate facial expressions, eliminating physical barriers, or making appropriate physical contact, as all these cues cannot be discerned from a text-based conversation. Therefore, based solely on the text transcript provided, it is impossible to accurately assess and score the interviewer's use of non-verbal communication skills to put the patient at ease and facilitate engagement. The scoring system requires observation of physical, non-verbal cues which are not communicated in the transcript."
EMPATHY AND ACKNOWLEDGING PATIENT CUES,5,"The interviewer demonstrates considerable empathy and acknowledges the patient's feelings and concerns throughout the conversation. For example, when the patient describes the pain as 'really bad' and 'tearing,' the interviewer responds with, 'That must have been scary,' directly addressing and validating the patient's emotional experience of the situation. This response demonstrates the use of understanding and support, components of the NURS (name, understand, respect, support) approach for demonstrating empathy. Additionally, the interviewer frequently checks in with the patient to ensure they have covered all the patient’s concerns ('Is there anything else you want to make sure we address today?') and summarizes the patient's symptoms to confirm understanding ('So you've had this pain...Does that sound like a reasonable summary?'). The interview ends with reassurance and a plan, '...we're going to be able to come to a conclusion about what this is and give you some strategies for avoiding it in the future,' which further supports the patient's emotional state by providing hope and a belief in a solution. These components collectively indicate a strong empathetic approach."
PATIENT’S PERSPECTIVE (BELIEFS; Case specific),3,"The interviewer makes a commendable effort to understand the patient's experience and perspective regarding her symptoms, particularly her pain and urinary symptoms. By inquiring about the details of the pain (location, movement, severity, and accompanying symptoms), as well as the patient's attempts at self-management (e.g., taking Tylenol, pacing around), the interviewer demonstrates an initial step towards understanding the patient's beliefs and feelings about her condition. Additionally, the interviewer asks about the patient's medical history, family history, lifestyle, and daily life to gather context that might influence the patient's health beliefs and practices. However, the interviewer falls short of fully eliciting the patient's healing practices and perspectives on the illness, including comprehensive beliefs about its beginning, feelings, ideas of cause, function, and expectations (FIFE). There isn't a specific exploration of the patient's cultural, personal beliefs or expectations regarding her illness or its treatment, nor does the interviewer delve into the patient's emotional response beyond acknowledging that the pain 'must have been scary' and that the situation was 'frightening' for the patient. Therefore, while the interviewer gathers significant clinical information and acknowledges the patient's discomfort and fear, they do not fully explore the patient's unique perspective on her illness or extensively address her beliefs beyond the immediately presented symptoms."
IMPACT OF ILLNESS ON PATIENT AND PATIENT’S SELF-IMAGE,3,"The interviewer (physician) thoroughly engages with the patient's concerns about the abdominal pain and incontinence, focusing on symptom analysis, medical history, lifestyle, and psychosocial aspects. However, explicit exploration of the impact of the patient's illness on her life or self-image and explicit offers of counseling or resources are absent from the interaction. There are indirect instances, such as when the physician acknowledges the 'scary' nature of the symptoms and assures the patient towards the end by saying, 'It sounds like it was pretty scary, so I think that we're going to be able to come to a conclusion about what this is and give you some strategies for avoiding it in the future.' Yet, there isn't a dedicated inquiry into how the patient's life or self-view might be affected by her condition, nor a direct offer of counseling or support aside from the implied medical follow-up. Given that there's a partial acknowledgment of the emotional impact but no comprehensive probing into the patient's feelings or life changes, nor provision of counseling services, the interview scores a 3."
IMPACT OF ILLNESS ON FAMILY,1,"In this conversation, the interviewer (physician) did not address or inquire about the structure of the patient's family, the impact of the patient's illness and/or treatment on the family, or explore these issues in any detail. The interviewer did focus on obtaining a comprehensive history of the patient's symptoms, medical history, and lifestyle but failed to connect these aspects to the broader scope of the patient's social or family life. There is no mention of how the patient's condition might affect their family members or their lifestyle as a family unit."
SUPPORT SYSTEMS,1,"Throughout the conversation, the interviewer (Physician) focused primarily on the medical and symptom history of the patient, exploring the pain's characteristics, associated symptoms, and other health-related behaviors. While this provided a detailed medical understanding of the patient's current health concern, there was a significant oversight in exploring the patient's support systems. The physician did not inquire about the emotional support available to the patient, any financial concerns related to her health condition, her access to healthcare resources, or suggest any community resources that could provide additional support. The conversation remained strictly within the clinical diagnosis and treatment planning realm without addressing the holistic needs of the patient or acknowledging potential social determinants of health that could impact her well-being and recovery."
PATIENT’S EDUCATION & UNDERSTANDING,1,"The provided interaction lacks any clear instance of the interviewer (physician) conducting patient education or assessing the patient's understanding of their condition explicitly. The physician asks numerous questions to gather a comprehensive history and articulates a plan moving forward, including the intention to explore the cause of the patient's symptoms and mentioning an eventual discussion on incontinence. However, there's no specific instance of the physician determining the patient's interest in education or using the teach-back method to ensure understanding of the information given. Additionally, while the physician promises to explain and discuss plans for dealing with the symptoms and potential causes later, there's no evidence within this excerpt of the physician following through on this or using techniques to confirm the patient's comprehension."
ASSESS MOTIVATION FOR CHANGES,1,"In this conversation, the interviewer (physician) did not explicitly inquire about the patient's motivation for lifestyle or behavioral changes related to the health issues being discussed. The discussion was primarily focused on diagnostic reasoning regarding the patient's acute episode and symptoms, without transitioning into a motivational assessment for potential lifestyle or behavioral changes that could impact her health outcomes. There were no queries or suggestions directed towards understanding the patient's readiness to make changes or providing options tailored to her level of motivation, such as adjusting her fluid intake (beyond mentioning it could be addressed) or discussing the excessive intake of Tums and its alternatives. The interviewer did not assume the patient's readiness for change but also did not assess it, which is crucial for fostering effective collaborative planning for health improvement."
ADMITTING LACK OF KNOWLEDGE,3,"Throughout the conversation, the interviewer (medical student Amy) never explicitly admits to any lack of knowledge or uncertainty about the patient's condition or symptoms. Instead, Amy proceeds to ask detailed questions to understand the patient's symptoms, medical history, and lifestyle. There is no moment where Amy makes up answers or falsely conveys a sense of certainty about the diagnosis or treatment. Instead, she meticulously collects information to form a comprehensive understanding of the patient's health issue. However, Amy also doesn't reference seeking additional resources or consult with more experienced colleagues within this conversation, likely due to the context where she is gathering initial patient information. Based on this interaction, Amy demonstrates thorough inquisitiveness and patient care but does not express or demonstrate a need to admit lack of knowledge or seek out additional resources directly in the conversation."
INFORMED CONSENT FOR INVESTIGATIONS & PROCEDURES,1,"The interviewer (Amy, the medical student) primarily focuses on gathering detailed information about the patient's symptoms, medical history, lifestyle, and overall health condition, but there is no direct discussion about specific investigations or procedures related to the patient's complaints, nor about the risks, benefits, or alternatives of potential diagnostic or treatment options. The conversation generally revolves around the initial assessment and understanding of the patient's symptoms rather than moving towards informed consent for any proposed medical interventions. Therefore, based on the given excerpts, the interviewer does not discuss the purpose and nature of any investigations or procedures, nor reviews foreseeable risks and benefits of any proposed investigation or procedure, and does not disclose alternative investigations or procedures and their relative risks and benefits. As such, it fits the criteria for a score of 1 since the interviewer fails to discuss investigations or procedures."
ACHIEVE A SHARED PLAN,3,"The physician's interaction with Mrs. Paulton is highly patient-centric, demonstrating a thorough approach to obtaining a detailed history and considering the patient's symptoms comprehensively. Although the physician expertly gathers information and makes the patient feel heard, the conversation as presented does not include a direct discussion of the diagnosis or prognosis. The plan moving forward, involving a physical exam and further discussions to pinpoint the issue and strategize preventative measures, is outlined but not negotiated with the patient's input on preferences or her own thoughts regarding the approach. The physician does reassure the patient by addressing her concerns and indicating a willingness to develop strategies for prevention, which is a positive step towards collaborative care. However, the explicit invitation for the patient to contribute thoughts, ideas, suggestions, and preferences in forming the treatment plan or discussing the diagnosis and prognosis is not evident in the excerpt provided. Therefore, I would score this interaction as a 3, acknowledging the physician's efforts to discuss next steps and plan but noting the absence of active patient involvement in the decision-making process."
ENCOURAGEMENT OF QUESTIONS,4,"The interviewer (physician) explicitly encourages the patient to ask questions toward the end of the interview with the specific invitation, ""Is there anything that you wanted to ask me? Any questions that you have?"" This direct encouragement for the patient to ask questions occurs after a comprehensive discussion about the patient's symptoms, medical history, and lifestyle factors. However, there is no evidence from the transcript that the interviewer provided another explicit opportunity for questions at the end of a major subsection besides the one at the end. Therefore, the interaction aligns with the criteria for a score of 4, which is characterized by providing only one opportunity for the patient to ask questions, and it occurs at the end of the interview."
CLOSURE,1,"The transcript does not include a conversation closure related to the guidelines of specifying future plans from both the physician and patient side, such as what actions will be taken after the interview, follow-up plans, or specifying the time for next communication or appointment. The interview ends with the physician stating they'll return after giving the patient time to change into a gown for a physical exam, without detailing any future plans beyond the immediate next steps. Therefore, the conversation lacks clarity and completeness regarding future plans, making it impossible to assign a high score based on the provided guidelines."
