,score,explanation
Opening,3,"The physician, Brianna, begins the conversation by introducing herself with her name. However, she does not clarify her role or ask the patient how he would like to be addressed, nor does she use the patient's name in her greeting. The opening only partially meets the criteria for a full introduction. According to the scoring criteria: - The physician introduced herself by name, but did not clarify her role or inquire how to address the patient, missing two elements of the full introduction criteria. Therefore, based on the guidelines provided, the score for the opening of this medical interview is a 3, as the physician's introduction is missing two elements."
ELICITS SPECTRUM OF CONCERNS,5,"The interviewer effectively elicited the patient's full spectrum of concerns within the first 3-5 minutes of the interview, asking 'what else' until no additional concerns were raised. The Physician first inquired, 'What brings you in today?' to which the patient responded with his main concern about chest pain potentially related to his heart. The Physician then followed up with 'Is there anything else that brought you in today?' and 'Is there anything else you'd like to talk about today before we move on?' to ensure there were no additional concerns. This thorough probing aligns with the highest standard of gathering a patient's concerns early in the interview."
NEGOTIATES PRIORITIES & SETS AGENDA,5,"The interviewer (Physician) initiated the conversation by gathering all of the patient's concerns, which included chest pain, heart concerns, and the impact on their job, demonstrating a structured approach to setting the agenda. Specifically, the Physician asked, 'What brings you in today?' followed by, 'Is there anything else that brought you in today?' and finally confirmed, 'Okay. So you're concerned about your chest pain. You're concerned about your heart. You're also concerned about your job. Okay. Is there anything else you'd like to talk about today before we move on?' These questions show a deliberate attempt to elicit all of the patient's concerns upfront. After listing the concerns, the Physician proposed a plan: 'So I'll just ask a little bit about your chest pain, and then we'll get some information that will help me assess your risk of heart disease since it sounds like you're concerned about that, and then we'll find out a little bit about your job. Okay. Is that okay?' The patient agreed to this plan. This sequence demonstrates negotiating priorities of patient concerns, listing all of the concerns, and setting an agenda at the onset of the interview with the patient's agreement. Therefore, according to the scoring criteria provided, this performance warrants a score of 5."
ELICITING THE NARRATIVE THREAD or the ‘PATIENT’S STORY’,4,"The interviewer, in this case, a physician named Brianna, is adept at balancing encouraging the patient, Dan, to share his concerns and narrative while guiding the conversation with structured questions to cover all relevant aspects of his situation. The interviewer opens with broad, open-ended questions like ""What brings you in today?"" and ""So why don't you tell me about when your chest pain started."" Throughout, the interviewer respectfully allows Dan to complete his thoughts, only interjecting to clarify or delve deeper into crucial points for a comprehensive understanding, such as when asking about the patient's activities leading up to the accident, alcohol consumption, and family history of heart disease. The physician's approach to gradually lead the patient through various connected topics - from the initial complaint of chest pain to lifestyle habits and family history - without abruptly interrupting Dan's narrative warrants a high score. However, because there are moments of focused questioning that slightly direct the conversation rather than letting the patient provide a completely uninterrupted narrative, a perfect score is not achieved."
TIMELINE,5,"The interviewer (Physician) effectively establishes a clear timeline and chronology surrounding the patient's chief concern and the history of the present illness, including the sequence of events leading up to and following the onset of the chest pain. The Physician asks focused questions to elicit when the chest pain started ('So why don't you tell me about when your chest pain started.'), what the patient was doing when it started ('What were you doing at the time when your chest pain started?'), and specifics about the event (such as the patient's activities before the incident, alcohol consumption, and the exact nature of the accident). The Physician then delves into details about how the pain has progressed since the incident ('So it started two nights ago when you were mountain biking and you hit your chest on the handles. And tell me how it's been since that point.'). This thorough inquiry provides a comprehensive understanding of the patient's situation, from the initial incident through the progression of symptoms, and other relevant lifestyle aspects that could influence the patient's health status. This allows for an accurate assessment of potential health risks and addresses the patient's concerns in a structured manner."
ORGANIZATION,5,"The interview conducted by the physician appears to maintain a logical flow with an efficient use of time, addressing the patient's concerns methodically and ensuring tasks are completed within the given timeframe. The physician begins by inquiring about the reason for the visit, segueing into specifics about the patient's chest pain, exploring potential risk factors, discussing the patient's job concerns, and concluding with lifestyle factors influencing health. Despite covering various topics, the conversation remains coherent and focused, moving smoothly from initial concerns to detailed questions about the patient's symptoms, medical, family, and social history, and ends with a plan of action. Therefore, based on the outlined criteria, this interview earns a score of 5."
TRANSITIONAL STATEMENTS (only for complete histories),5,"The interviewer, in this case, the physician, makes effective use of transitional statements throughout the interview, guiding the patient Dan from one topic to another smoothly and ensuring that the conversation flows logically. At the beginning, after introducing herself and asking why Dan came in, she clearly outlines the structure of the conversation: ""Okay. So I'll just ask a little bit about your chest pain, and then we'll get some information that will help me assess your risk of heart disease since it sounds like you're concerned about that, and then we'll find out a little bit about your job."" This statement effectively transitions from the initial concern to the detailed questioning about Dan's chest pain, his activities at the time of the onset, and progressively moves towards understanding potential risk factors for heart issues and the impact of his condition on his work. Another clear transition is made towards discussing his past medical history, ""Okay. So moving on to your past medical history, can you tell me about any ongoing medical problems that you might have?"" and then towards the review of Dan's social history, including his work, drinking habits, and lifestyle choices, which could potentially affect his heart health. The interviewer also effectively loops back to summarize the main concerns (""So it sounds like your three main concerns today were your chest pain...""), bringing clarity to the conversation's progression and the rationale behind each section. This approach ensures that Dan understands the relevance of each question to his main concerns, demonstrating a strategic structure to the interview. Therefore, the interviewer deserves a 5 for utilizing transitional statements effectively throughout, which clarifies the interview's structure to Dan."
PACING OF INTERVIEW (not based on finishing on time),5,"The interviewer (Physician) maintains a fully attentive and patient-centered approach throughout the conversation, ensuring to listen without interruption and allowing the patient to fully express their concerns and symptoms. For example, responses like 'Okay. So you're concerned about your chest pain. You're concerned about your heart. You're also concerned about your job. Okay.' exhibit an attentive recapitulation of the patient’s concerns, demonstrating active listening. Additionally, there are no evident instances of awkward pauses that detract from the interaction. Instead, any pauses seem purposeful, allowing for a natural flow of conversation and providing the patient with opportunities to elaborate on their symptoms and concerns. Silences, when they occur, seem to serve the deliberate purpose of allowing the patient to think and respond thoroughly. The physician skillfully transitions between the patient's various concerns (chest pain, potential heart issues, and implications for employment) in a manner that progresses smoothly, thereby maintaining a comfortable pace throughout the interview."
QUESTIONING SKILLS – TYPES OF QUESTIONS,5,"The interviewer, in this case, the physician, starts the conversation with an open-ended question ('What brings you in today?'), which allows the patient to express their primary concerns freely. This is an excellent example of beginning information gathering with an open-ended question. As the conversation progresses, the physician employs a mix of open-ended and specific questions to gather more details about the patient's symptoms, activities leading up to the symptoms, and relevant personal and family medical history. Each major line of questioning is initiated with an open-ended question or a request for elaboration, such as asking about the chest pain details, the patient's job concerns, and family history of heart disease. This approach helps in elaborating the patient's context without leading them to specific answers, allowing for a comprehensive understanding of the situation. Notably, the physician does not rely on leading, why, or multiple questions in a manner that detracts from the quality of information gathered. Therefore, based on the execution of the questioning strategy, the interview demonstrates a strong adherence to the criteria for a higher score."
QUESTIONING SKILLS - SUMMARIZING,4,"The interviewer, in this case Dr. Brianna, does a commendable job of summarizing the information at various points throughout the conversation, particularly at the end of the interview where she encapsulates the patient's primary concerns and the information gathered during the session. For instance, the summary statement, ""So it sounds like your three main concerns today were your chest pain, that started a couple days ago, your heart health, because you're worried that you might be at risk for heart disease because of your mom, and then also your work,"" effectively recaps the patient's issues. Furthermore, the statement ""And based on what I've heard from your history, it sounds like at your age and with the lifestyle you have, you're not at a terrible risk for heart disease at this time, but making some changes with cutting out alcohol and smoking, I think that that would definitely decrease your risks of heart disease in the future"" summarizes both the physician's assessment of the patient's condition and the advice moving forward, based on the information provided during the interview. However, while these instances illustrate some summarization at critical points, the summarization could be enhanced by performing it at the end of each major line of inquiry consistently to verify and/or clarify with the patient. The session primarily lacks periodic confirmations with the patient about the accuracy of the information collected throughout multiple sections of the discussion (e.g., after discussing the alcohol use, family history, and detailed specifics of the chest pain), which could ensure a more comprehensive understanding and agreement between the physician and the patient."
QUESTIONING SKILLS - DUPLICATION,5,"Throughout the conversation, the physician demonstrated a high level of attentiveness and did not unnecessarily repeat questions for information previously provided by the patient. Each follow-up question was targeted towards gathering more detailed information about the patient's concerns, rather than reiterating requests for information already given. For instance, after initially discussing the chest pain, the physician logically progressed to asking about the circumstances around when the pain started, the patient's activities at the time, and further details about the patient's lifestyle that could contribute to their health concerns. The physician's inquiry about family health history, lifestyle habits, and the patient's job concerns were all first-time questions aimed at building a comprehensive understanding of the patient's situation without looping back to already answered questions. Thus, according to the scoring criteria, a score of 5 is warranted as the physician did not repeat questions unnecessarily and only sought repetition for clarification or summarization when it was directly relevant to providing comprehensive care."
QUESTIONING SKILLS - LACK OF JARGON,5,"Throughout the conversation, the interviewer (Physician) consistently uses language that is easily understood by the patient without relying heavily on medical jargon. For instance, when the patient expresses concern about chest pain potentially related to heart issues, the physician responds with questions and explanations in layman's terms, such as 'Okay. So you're concerned about your chest pain. You're concerned about your heart. You're also concerned about your job.' The interviewer does mention a few medical conditions directly, such as asking, 'Do you know if she had atherosclerosis?' and discussing 'angina,' but these instances occur in a context where the interviewer is seeking specific information related to family medical history and not as part of the explanation of the patient's current condition or potential treatment. Therefore, these instances of medical terminology are minimal and do not detract from the overall clarity of communication for a non-medical audience. The conversation remains focused on understanding the patient's concerns and explaining the physician's thought process and next steps in a way that should be accessible to the patient."
QUESTIONING SKILLS - VERIFICATION OF PATIENT INFORMATION (in vignette),5,"The interviewer, in this case, the physician, demonstrates consistent efforts to clarify, verify, and specify patient responses to ensure accurate understanding. This is evidenced by detailed inquiries about the patient's chest pain, including when it started, what the patient was doing at the time, and the characteristics of the pain ('So it started two nights ago when you were mountain biking and you hit your chest on the handles. And tell me how it's been since that point.'). The physician also seeks to understand the patient's medical and family history in detail, asking about ongoing medical problems, medications, surgeries, and specifics about family members with heart conditions ('Do you know if she had atherosclerosis? Or angina or anything like that?'). Besides, the physician delves into the patient's lifestyle choices, including alcohol consumption, smoking habits, and diet, to assess risk factors related to heart disease. Each question is aimed at gathering specific information that would aid in diagnosing the patient's condition and understanding potential lifestyle factors that might affect the patient's health ('Do you drink on a regular basis?' and 'Do you use any drugs?'). The physician consistently verifies the information ('And remind me how old you are now.') and encourages the patient to provide more specificity ('What kinds of foods do you typically eat?'). Therefore, according to the criteria, the interviewer earns a score of 5 for consistently seeking to clarify, verify, and specify patient responses, ensuring an accurate understanding of the patient's condition and concerns."
INTERACTIVE TECHNIQUES,5,"The conversation reflects an excellent balance between patient-centered and physician-centered interviewing styles. Initially, the physician ensures that the patient's concerns and agenda are established by asking, ""What brings you in today?"" and further clarifying, ""Is there anything else that brought you in today?"" This demonstrates a patient-centered technique by allowing the patient to lead the conversation and ensuring all concerns are addressed upfront. Throughout the interview, the physician maintains this patient-centered approach by actively listening to the patient's story, encouraging elaboration with questions like, ""What were you doing at the time when your chest pain started?"" and validating the patient's concerns by saying, ""Okay. Well, I'm glad you came in."" Moreover, the physician successfully integrates physician-centered techniques by guiding the conversation with specific, informative questions to gather necessary medical history and risk factors, exemplified by questions about the patient's mother's heart issues and lifestyle habits such as alcohol consumption and physical activity. The physician skillfully balances these interviewing styles to promote a collaborative partnership, gather comprehensive information, and negotiate a plan that addresses the patient's concerns and medical needs."
VERBAL FACILITATION SKILLS,4,"The physician demonstrates several facilitative skills throughout the interview, such as echo responses, actively summarizing the patient's concerns, and asking open-ended questions to draw out more information from the patient. Examples of this include when the physician echoes the patient’s concerns with statements like 'Okay. So you're concerned about your chest pain. You're concerned about your heart. You're also concerned about your job. Okay.' Additionally, the physician uses verbal encouragements, such as 'Okay, well, I'm glad you came in' and reassures the patient by saying, 'I'd like to talk a little bit more about that,' which shows attentiveness to the patient’s issues. The physician also gently guides the patient through the discussion about potentially sensitive topics, like drinking and smoking, in a non-judgmental way, further encouraging open communication. However, while the physician does provide intermittent verbal encouragement, and applies facilitation skills effectively most of the time, there is room for more frequent and explicit verbal praise regarding the patient’s health care decisions and more reassurance could be provided to further draw the patient out, especially regarding the patient’s fears and lifestyle choices. Therefore, given the criteria, the performance warrants a score that acknowledges the competent use but suggests room for enhancement in the richness of encouragement and facilitation."
NON-VERBAL FACILITATION SKILLS,,"Due to the nature of this text-based interaction, it's not possible to accurately assess the physician's use of non-verbal communication skills such as eye contact, body language, facial expressions, physical barriers, and physical contact, as these elements are not observable or described in the provided transcript. The assessment criteria provided depend heavily on visual and physical cues that cannot be discerned from text alone. Therefore, without specific details on the non-verbal aspects of the interaction, assigning a score based on the given scenario is not feasible."
EMPATHY AND ACKNOWLEDGING PATIENT CUES,3,"Throughout the conversation, the physician demonstrates an approach that aligns with the supportive comments regarding the patient’s emotions, showing understanding and at times respect for what the patient is saying, although explicit expressions of empathy using the NURS (name, understand, respect, support) framework or explicit empathic techniques are limited. The physician acknowledges the patient's concerns about chest pain, heart health, and the impact on their job without judgment, even when discussing potentially risky behaviors like mountain biking after drinking. The physician's responses such as 'Okay. So you're concerned about your chest pain. You're concerned about your heart. You're also concerned about your job. Okay.' and 'Good. Well, I'm glad to hear that you're wearing a helmet.' show a neutral, nonjudgmental stance which helps the patient feel understood and respected. Furthermore, the physician offers practical support, such as suggesting a work excuse to allow for recovery time, which directly acknowledges and validates the patient's concerns about their ability to work. However, the use of empathic statements that directly name the patient's feelings or deeply explore the emotional impact of the health concerns on the patient is not prominently featured, which might have elevated the level of perceived empathy. Therefore, the interaction strikes a balance between understanding and supporting the patient’s feelings and addressing medical concerns but could benefit from deeper emotional engagement."
PATIENT’S PERSPECTIVE (BELIEFS; Case specific),3,"The interviewer (Physician) demonstrates an initial effort to understand the patient's perspective by asking open-ended questions about the patient's concerns and symptoms. However, the conversation primarily focuses on the medical and behavioral aspects related to the patient's chest pain and potential heart health, without deeply exploring the patient's beliefs, feelings, ideas about the cause, function, and expectations regarding the illness (FIFE). While the physician does ask about the patient's job and its relevance to his condition, there is a lack of follow-through in addressing or exploring the patient's healing practices or broader perspectives on illness beyond the immediate medical context. The patient's concerns about heart health in relation to their mother's history are acknowledged but not deeply explored in terms of the patient's emotional response or personal beliefs about heredity and health. Overall, the physician elicits some aspects of the patient's perspective, particularly concerning the impact on his job and a brief mention of family health history, but does not fully address the patient's beliefs or expectations about the illness."
IMPACT OF ILLNESS ON PATIENT AND PATIENT’S SELF-IMAGE,3,"The interviewer (Physician) receives a score of 3. The physician does acknowledge the patient's concerns regarding how the chest pain and potential heart issues might impact his job, indicating a partial understanding of the impact of the illness on the patient's life ('Okay. So you're concerned about your chest pain. You're concerned about your heart. You're also concerned about your job.'). However, there is a lack of deeper exploration into how the patient feels about these concerns or how it changes his life or self-image beyond the immediate physical and professional implications. The physician does offer to help with a work excuse, showing some level of support but does not provide counseling or resources that might help with the psychological or emotional aspects of the patient's concerns. The conversation focuses more on understanding the potential physical causes of chest pain and assessing lifestyle choices, rather than addressing the patient's feelings or the broader impacts of the illness."
IMPACT OF ILLNESS ON FAMILY,1,"The interviewer, in this case, the physician, failed to address the impact of the patient's illness or treatment on the family members and on family lifestyle. While there is a brief mention of the patient's mother's health issues (heart problems and diabetes), the focus remains largely on the patient's immediate concerns (chest pain, heart health, job impact) and personal habits (drinking, mountain biking, smoking). At no point does the physician inquire about the structure of the patient's family or explore how the patient's current health concerns or potential heart issues might impact family members or the family's lifestyle. Therefore, the interviewer does not meet the criteria for recognizing and exploring the impact of the illness on the family."
SUPPORT SYSTEMS,1,"The interviewer focuses primarily on the physical aspects of the patient's health and immediate concerns related to the chest pain and potential heart issues, with some exploration into lifestyle factors that could impact the patient's health. However, there is no exploration of the patient's emotional support system, financial support status, or access to healthcare and other resources available to the patient and family. The suggestion to provide a work excuse addresses a potential financial concern indirectly by acknowledging the patient's worry about the impact of his health on his ability to work, but it does not delve into the broader financial or emotional support systems that might be in place or needed. Therefore, based on the provided information and criteria, the interviewer fails to determine what support is currently available to the patient beyond a narrow focus on the immediate health concern and a brief mention of work."
PATIENT’S EDUCATION & UNDERSTANDING,3,"Throughout the conversation, the physician acknowledges the patient's concerns, gathers detailed information about the patient's symptoms, lifestyle, medical history, and family history. They probe into the patient's social habits, including alcohol consumption and smoking, which could potentially impact the patient's health. However, the approach to patient education has some gaps identified in the scoring system. The physician does provide education around the risks associated with the patient's lifestyle choices and how they might impact his heart health and overall well-being. This includes advising on reducing alcohol consumption and considering quitting smoking. Though the physician does clarify the patient's concerns and questions - particularly around the patient's relative risk of heart disease based on family history - the conversation lacks explicit evidence of using the 'teach back' technique to confirm the patient's understanding. The interviewer makes a concerted effort to address the patient's concerns and educate him on how his lifestyle choices could impact his health, but without directly employing a teach-back method or similar techniques to verify the patient's comprehension, it doesn't fully align with the criteria for a score of 5. The physician doe ask if the patient has any questions, but improvement could be found in actively checking for understanding more directly."
ASSESS MOTIVATION FOR CHANGES,5,"The interviewer (Physician) successfully assessed the patient's motivation for lifestyle or behavioral changes and provided information appropriate to the patient's level of readiness, warranting a score of 5. Throughout the conversation, the interviewer inquired about the patient's activities and lifestyle habits related to his concerns (mountain biking, alcohol consumption) and delicately introduced the idea of making adjustments based on the patient's risk factors and the recent incident. Notably, the physician asked, ""So, you know, I might recommend that you try and drink fewer beers in one sitting. Does that sound like something you would consider?"" and further inquired about smoking habits, suggesting changes, ""So smoking is another thing that if you feel like your heart health is a priority, that's something that you could change in your life."" These questions show that the interviewer appropriately evaluated the patient's readiness for change without assuming the patient’s readiness but rather opening a dialogue about potential lifestyle adjustments. Furthermore, the physician provided information and suggestions suited to the patient's specific situation and took his concerns about heart health seriously by linking them to actionable advice, fulfilling the criteria for a score of 5."
ADMITTING LACK OF KNOWLEDGE,,"The conversation does not include any clear instance where the physician admits a lack of knowledge in any area. Instead, the physician handles the questions and situations presented by the patient with confidence, providing medical advice based on the symptoms and history described by the patient. Given the absence of any discussion or admittance of lack of knowledge by the physician, and no evidence of the physician seeking external resources for information or making up answers, it is not possible to accurately score the physician's willingness to admit lack of knowledge and approach to seeking accurate information based on the provided criteria."
INFORMED CONSENT FOR INVESTIGATIONS & PROCEDURES,3,"The interviewer, in this case, the physician, spends extensive time understanding the patient's history, concerns, and lifestyle. They inquire about the patient's chest pain, possibly related to an accident, and explore risk factors for heart disease given the patient's family history and personal habits. However, the dialogue lacks a specific discussion on the purpose, nature, risks, benefits, and alternatives of any investigative or treatment procedures. The physician hints at performing a physical exam and possibly adjusting lifestyle factors to reduce heart disease risk but does not elaborate on what these changes entail, their benefits, or risks, nor discusses alternative investigative methods or treatments in detail. Therefore, the interviewer does not fully discuss all elements of informed consent regarding investigations and procedures."
ACHIEVE A SHARED PLAN,3,"The interviewer, in this case, the physician, does an effective job in discussing the diagnosis and prognosis by addressing the concerns raised by the patient about chest pain and its potential relation to heart disease. The physician inquires in-depth about the patient's symptoms, the context of the injury, lifestyle factors, and family history, which could impact the patient's heart health. This thoroughness demonstrates an effort to understand the patient's situation comprehensively. Furthermore, the physician negotiates a plan with the patient by suggesting a work excuse for recovery time, recommending lifestyle changes regarding alcohol consumption and smoking, and proposing a physical exam to further assess the patient's condition. However, the conversation lacks significant patient input in developing the management plan. Although the physician suggests changes and next steps, there is limited invitation for the patient to contribute their thoughts, ideas, suggestions, or preferences explicitly regarding the proposed plan of action. The patient's input is mostly in response to questions rather than collaborative planning. Hence, while the interviewer discusses the diagnosis/prognosis and plans, the conversation falls short of fully inviting the patient to contribute to the plan's development."
ENCOURAGEMENT OF QUESTIONS,5,"The interviewer (Physician) provides two separate and clear opportunities for the patient (Dan) to ask questions. The first opportunity occurs mid-way after discussing the patient's concerns and medical history, where the physician summarizes the patient's concerns and then asks, 'Do you have any questions about what we've talked about?' The second opportunity is at the end of the interview, after providing a summary of their evaluation and next steps, asking again if the patient has any other questions. This consistent and repeated encouragement for the patient to engage, ask questions, and clarify concerns meets the criteria for scoring a 5 as it includes two separate opportunities for the patient to ask questions, including one at the very end of the interview."
CLOSURE,1,"At the end of the interview, the interviewer (Physician) does not clearly specify future plans in terms of clear actions for both the physician and the patient nor does she specify when the next communication or appointment will be. While the physician does mention going to talk with the preceptor and indicates that a physical exam will be conducted shortly ('I'll go talk with my preceptor, and you can wait here, change into a gown, and we'll be back in just a few minutes to do your physical exam.'), there is no mention of what happens after the physical exam, nor is there any discussion of follow-up appointments, further testing, or any instructions regarding changes in activity, diet, or medication for the patient to follow in the interim. This leaves the patient without a clear understanding of next steps beyond the immediate physical exam or what actions to take following today's visit."